,imgs,x,y
0,gong/clip1/0001.jpg,231,181
1,gong/clip1/0002.jpg,231,180
2,gong/clip1/0003.jpg,231,179
3,gong/clip1/0004.jpg,231,178
4,gong/clip1/0005.jpg,230,177
5,gong/clip1/0006.jpg,229,174
6,gong/clip1/0007.jpg,230,174
7,gong/clip1/0008.jpg,228,173
8,gong/clip1/0009.jpg,228,177
9,gong/clip1/0010.jpg,228,178
10,gong/clip1/0011.jpg,228,179
11,gong/clip1/0012.jpg,227,179
12,gong/clip1/0013.jpg,227,180
13,gong/clip1/0014.jpg,226,181
14,gong/clip1/0015.jpg,225,182
15,gong/clip1/0016.jpg,223,184
16,gong/clip1/0017.jpg,222,184
17,gong/clip1/0018.jpg,222,186
18,gong/clip1/0019.jpg,221,187
19,gong/clip1/0020.jpg,221,188
20,gong/clip1/0021.jpg,220,188
21,gong/clip1/0022.jpg,221,189
22,gong/clip1/0023.jpg,222,194
23,gong/clip1/0024.jpg,224,194
24,gong/clip1/0025.jpg,225,195
25,gong/clip1/0026.jpg,225,196
26,gong/clip1/0027.jpg,227,197
27,gong/clip1/0028.jpg,229,198
28,gong/clip1/0029.jpg,231,199
29,gong/clip1/0030.jpg,233,198
30,gong/clip1/0031.jpg,236,200
31,gong/clip1/0032.jpg,238,202
32,gong/clip1/0033.jpg,241,203
33,gong/clip1/0034.jpg,243,205
34,gong/clip1/0035.jpg,244,205
35,gong/clip1/0036.jpg,244,206
36,gong/clip1/0037.jpg,245,207
37,gong/clip1/0038.jpg,245,213
38,gong/clip1/0039.jpg,245,215
39,gong/clip1/0040.jpg,245,218
40,gong/clip1/0041.jpg,244,220
41,gong/clip1/0042.jpg,244,222
42,gong/clip1/0043.jpg,244,230
43,gong/clip1/0044.jpg,243,233
44,gong/clip1/0045.jpg,242,237
45,gong/clip1/0046.jpg,241,243
46,gong/clip1/0047.jpg,238,248
47,gong/clip1/0048.jpg,237,258
48,gong/clip1/0049.jpg,236,263
49,gong/clip1/0050.jpg,235,268
50,gong/clip1/0051.jpg,235,277
51,gong/clip1/0052.jpg,233,282
52,gong/clip1/0053.jpg,233,285
53,gong/clip1/0054.jpg,232,295
54,gong/clip1/0055.jpg,231,300
55,gong/clip1/0056.jpg,230,308
56,gong/clip1/0057.jpg,230,313
57,gong/clip1/0058.jpg,230,317
58,gong/clip1/0059.jpg,230,325
59,gong/clip1/0060.jpg,230,331
60,gong/clip1/0061.jpg,229,333
61,gong/clip1/0062.jpg,229,341
62,gong/clip1/0063.jpg,228,346
63,gong/clip1/0064.jpg,227,348
64,gong/clip1/0065.jpg,226,349
65,gong/clip1/0066.jpg,226,355
66,gong/clip1/0067.jpg,226,357
67,gong/clip1/0068.jpg,226,359
68,gong/clip1/0069.jpg,226,361
69,gong/clip1/0070.jpg,226,362
70,gong/clip1/0071.jpg,226,362
71,gong/clip1/0072.jpg,226,362
72,gong/clip1/0073.jpg,226,361
73,gong/clip1/0074.jpg,226,361
74,gong/clip1/0075.jpg,226,360
75,gong/clip1/0076.jpg,227,361
76,gong/clip1/0077.jpg,227,361
77,gong/clip1/0078.jpg,226,361
78,gong/clip1/0079.jpg,226,362
79,gong/clip1/0080.jpg,227,361
80,gong/clip1/0081.jpg,226,361
81,gong/clip1/0082.jpg,227,360
82,gong/clip1/0083.jpg,227,361
83,gong/clip1/0084.jpg,226,361
84,gong/clip1/0085.jpg,226,360
85,gong/clip1/0086.jpg,227,361
86,gong/clip1/0087.jpg,226,360
87,gong/clip1/0088.jpg,227,360
88,gong/clip1/0089.jpg,227,360
89,gong/clip1/0090.jpg,227,360
90,gong/clip1/0091.jpg,227,360
91,gong/clip1/0092.jpg,227,360
92,gong/clip1/0093.jpg,227,360
93,gong/clip1/0094.jpg,227,360
94,gong/clip1/0095.jpg,227,361
95,gong/clip1/0096.jpg,227,362
96,gong/clip1/0097.jpg,228,362
97,gong/clip1/0098.jpg,228,362
98,gong/clip1/0099.jpg,228,359
99,gong/clip1/0100.jpg,228,356
100,gong/clip1/0101.jpg,229,350
101,gong/clip1/0102.jpg,229,347
102,gong/clip1/0103.jpg,229,343
103,gong/clip1/0104.jpg,229,334
104,gong/clip1/0105.jpg,231,331
105,gong/clip1/0106.jpg,232,325
106,gong/clip1/0107.jpg,232,316
107,gong/clip1/0108.jpg,233,309
108,gong/clip1/0109.jpg,234,301
109,gong/clip1/0110.jpg,234,293
110,gong/clip1/0111.jpg,234,284
111,gong/clip1/0112.jpg,234,276
112,gong/clip1/0113.jpg,234,268
113,gong/clip1/0114.jpg,234,262
114,gong/clip1/0115.jpg,233,254
115,gong/clip1/0116.jpg,233,251
116,gong/clip1/0117.jpg,233,246
117,gong/clip1/0118.jpg,233,238
118,gong/clip1/0119.jpg,232,234
119,gong/clip1/0120.jpg,232,227
120,gong/clip1/0121.jpg,232,220
121,gong/clip1/0122.jpg,232,216
122,gong/clip1/0123.jpg,231,210
123,gong/clip1/0124.jpg,231,204
124,gong/clip1/0125.jpg,229,201
125,gong/clip1/0126.jpg,229,197
126,gong/clip1/0127.jpg,229,196
127,gong/clip1/0128.jpg,228,190
128,gong/clip1/0129.jpg,229,189
129,gong/clip1/0130.jpg,230,188
130,gong/clip1/0131.jpg,230,187
131,gong/clip1/0132.jpg,230,187
132,gong/clip1/0133.jpg,230,186
133,gong/clip1/0134.jpg,231,185
134,gong/clip1/0135.jpg,232,185
135,gong/clip1/0136.jpg,233,185
136,gong/clip1/0137.jpg,232,184
137,gong/clip1/0138.jpg,233,184
138,gong/clip1/0139.jpg,233,183
139,gong/clip1/0140.jpg,233,184
140,gong/clip1/0141.jpg,234,184
141,gong/clip1/0142.jpg,234,184
142,gong/clip1/0143.jpg,235,185
143,gong/clip1/0144.jpg,236,187
144,gong/clip1/0145.jpg,236,185
145,gong/clip1/0146.jpg,237,186
146,gong/clip1/0147.jpg,238,189
147,gong/clip1/0148.jpg,236,187
148,gong/clip1/0149.jpg,236,188
149,gong/clip1/0150.jpg,237,189
150,gong/clip1/0151.jpg,237,189
151,gong/clip1/0152.jpg,237,189
152,gong/clip1/0153.jpg,237,190
153,gong/clip1/0154.jpg,238,193
154,gong/clip1/0155.jpg,238,194
155,gong/clip1/0156.jpg,241,196
156,gong/clip1/0157.jpg,241,197
157,gong/clip1/0158.jpg,243,201
158,gong/clip1/0159.jpg,246,205
159,gong/clip1/0160.jpg,248,210
160,gong/clip1/0161.jpg,250,216
161,gong/clip1/0162.jpg,253,221
162,gong/clip1/0163.jpg,254,222
163,gong/clip1/0164.jpg,256,227
164,gong/clip1/0165.jpg,258,230
165,gong/clip1/0166.jpg,259,234
166,gong/clip1/0167.jpg,261,238
167,gong/clip1/0168.jpg,262,238
168,gong/clip1/0169.jpg,265,245
169,gong/clip1/0170.jpg,266,249
170,gong/clip1/0171.jpg,267,251
171,gong/clip1/0172.jpg,269,253
172,gong/clip1/0173.jpg,270,259
173,gong/clip1/0174.jpg,271,260
174,gong/clip1/0175.jpg,271,263
175,gong/clip1/0176.jpg,273,265
176,gong/clip1/0177.jpg,273,268
177,gong/clip1/0178.jpg,273,270
178,gong/clip1/0179.jpg,273,275
179,gong/clip1/0180.jpg,273,276
180,gong/clip1/0181.jpg,273,278
181,gong/clip1/0182.jpg,272,279
182,gong/clip1/0183.jpg,273,282
183,gong/clip1/0184.jpg,272,284
184,gong/clip1/0185.jpg,272,285
185,gong/clip1/0186.jpg,272,286
186,gong/clip1/0187.jpg,272,286
187,gong/clip1/0188.jpg,273,286
188,gong/clip1/0189.jpg,273,290
189,gong/clip1/0190.jpg,273,290
190,gong/clip1/0191.jpg,273,290
191,gong/clip1/0192.jpg,271,291
192,gong/clip1/0193.jpg,271,290
193,gong/clip1/0194.jpg,271,290
194,gong/clip1/0195.jpg,270,290
195,gong/clip1/0196.jpg,270,290
196,gong/clip1/0197.jpg,270,290
197,gong/clip1/0198.jpg,270,291
198,gong/clip1/0199.jpg,270,291
199,gong/clip1/0200.jpg,270,291
200,gong/clip1/0201.jpg,270,291
201,gong/clip1/0202.jpg,270,291
202,gong/clip1/0203.jpg,270,291
203,gong/clip1/0204.jpg,270,291
204,gong/clip1/0205.jpg,270,291
205,gong/clip1/0206.jpg,270,291
206,gong/clip1/0207.jpg,270,291
207,gong/clip1/0208.jpg,270,291
208,gong/clip1/0209.jpg,270,291
209,gong/clip1/0210.jpg,270,291
210,gong/clip1/0211.jpg,270,291
211,gong/clip1/0212.jpg,270,291
212,gong/clip1/0213.jpg,270,291
213,gong/clip1/0214.jpg,270,291
214,gong/clip1/0215.jpg,270,291
215,gong/clip1/0216.jpg,270,291
216,gong/clip1/0217.jpg,270,291
217,gong/clip1/0218.jpg,270,291
218,gong/clip1/0219.jpg,270,291
219,gong/clip1/0220.jpg,270,291
220,gong/clip1/0221.jpg,270,291
221,gong/clip1/0222.jpg,270,291
222,gong/clip1/0223.jpg,270,291
223,gong/clip1/0224.jpg,270,291
224,gong/clip1/0225.jpg,270,291
225,gong/clip1/0226.jpg,270,291
226,gong/clip1/0227.jpg,270,291
227,gong/clip1/0228.jpg,270,291
228,gong/clip1/0229.jpg,270,291
229,gong/clip1/0230.jpg,270,291
230,gong/clip1/0231.jpg,270,291
231,gong/clip1/0232.jpg,270,291
232,gong/clip1/0233.jpg,270,291
233,gong/clip1/0234.jpg,270,291
234,gong/clip1/0235.jpg,270,291
235,gong/clip1/0236.jpg,270,291
236,gong/clip1/0237.jpg,270,291
237,gong/clip1/0238.jpg,270,291
238,gong/clip1/0239.jpg,270,290
239,gong/clip1/0240.jpg,270,290
240,gong/clip1/0241.jpg,270,290
241,gong/clip1/0242.jpg,270,290
242,gong/clip1/0243.jpg,270,291
243,gong/clip1/0244.jpg,270,286
244,gong/clip1/0245.jpg,271,286
245,gong/clip1/0246.jpg,270,286
246,gong/clip1/0247.jpg,271,285
247,gong/clip1/0248.jpg,272,284
248,gong/clip1/0249.jpg,273,282
249,gong/clip1/0250.jpg,271,278
250,gong/clip1/0251.jpg,271,274
251,gong/clip1/0252.jpg,271,267
252,gong/clip1/0253.jpg,270,263
253,gong/clip1/0254.jpg,270,259
254,gong/clip1/0255.jpg,269,250
255,gong/clip1/0256.jpg,269,244
256,gong/clip1/0257.jpg,267,236
257,gong/clip1/0258.jpg,266,232
258,gong/clip1/0259.jpg,265,226
259,gong/clip1/0260.jpg,262,219
260,gong/clip1/0261.jpg,261,217
261,gong/clip1/0262.jpg,260,207
262,gong/clip1/0263.jpg,258,204
263,gong/clip1/0264.jpg,254,202
264,gong/clip1/0265.jpg,252,198
265,gong/clip1/0266.jpg,250,197
266,gong/clip1/0267.jpg,247,194
267,gong/clip1/0268.jpg,246,187
268,gong/clip1/0269.jpg,244,189
269,gong/clip1/0270.jpg,241,182
270,gong/clip1/0271.jpg,238,180
271,gong/clip1/0272.jpg,237,181
272,gong/clip1/0273.jpg,237,179
273,gong/clip1/0274.jpg,234,177
274,gong/clip1/0275.jpg,232,174
275,gong/clip1/0276.jpg,232,173
276,gong/clip1/0277.jpg,230,173
277,gong/clip1/0278.jpg,229,171
278,gong/clip1/0279.jpg,228,171
279,gong/clip1/0280.jpg,227,171
280,gong/clip1/0281.jpg,227,170
281,gong/clip1/0282.jpg,227,169
282,gong/clip1/0283.jpg,227,169
283,gong/clip1/0284.jpg,227,169
284,gong/clip1/0285.jpg,227,167
285,gong/clip1/0286.jpg,227,167
286,gong/clip1/0287.jpg,226,166
287,gong/clip1/0288.jpg,225,165
288,gong/clip1/0289.jpg,225,166
289,gong/clip1/0290.jpg,225,166
290,gong/clip1/0291.jpg,225,166
291,gong/clip1/0292.jpg,225,166
292,gong/clip1/0293.jpg,224,166
293,gong/clip1/0294.jpg,224,166
294,gong/clip1/0295.jpg,224,166
295,gong/clip1/0296.jpg,224,166
296,gong/clip1/0297.jpg,225,169
297,gong/clip1/0298.jpg,225,169
298,gong/clip1/0299.jpg,225,169
299,gong/clip1/0300.jpg,222,170
300,gong/clip1/0301.jpg,222,170
301,gong/clip1/0302.jpg,222,170
302,gong/clip1/0303.jpg,222,171
303,gong/clip1/0304.jpg,222,171
304,gong/clip1/0305.jpg,222,172
305,gong/clip1/0306.jpg,222,172
306,gong/clip1/0307.jpg,222,173
307,gong/clip1/0308.jpg,222,173
308,gong/clip1/0309.jpg,221,173
309,gong/clip1/0310.jpg,221,174
310,gong/clip1/0311.jpg,221,174
311,gong/clip1/0312.jpg,221,174
312,gong/clip1/0313.jpg,221,178
313,gong/clip1/0314.jpg,221,178
314,gong/clip1/0315.jpg,221,178
315,gong/clip1/0316.jpg,221,178
316,gong/clip1/0317.jpg,221,179
317,gong/clip1/0318.jpg,221,179
318,gong/clip1/0319.jpg,221,180
319,gong/clip1/0320.jpg,221,180
320,gong/clip1/0321.jpg,222,181
321,gong/clip1/0322.jpg,222,182
322,gong/clip1/0323.jpg,222,181
323,gong/clip1/0324.jpg,223,182
324,gong/clip1/0325.jpg,225,181
325,gong/clip1/0326.jpg,225,182
326,gong/clip1/0327.jpg,224,181
327,gong/clip1/0328.jpg,224,181
328,gong/clip1/0329.jpg,225,181
329,gong/clip1/0330.jpg,225,181
330,gong/clip1/0331.jpg,226,181
331,gong/clip1/0332.jpg,226,181
332,gong/clip1/0333.jpg,226,182
333,gong/clip1/0334.jpg,226,182
334,gong/clip1/0335.jpg,225,182
335,gong/clip1/0336.jpg,225,183
336,gong/clip1/0337.jpg,226,185
337,gong/clip1/0338.jpg,225,187
338,gong/clip1/0339.jpg,225,189
339,gong/clip1/0340.jpg,224,189
340,gong/clip1/0341.jpg,224,193
341,gong/clip1/0342.jpg,224,195
342,gong/clip1/0343.jpg,221,200
343,gong/clip1/0344.jpg,221,204
344,gong/clip1/0345.jpg,220,206
345,gong/clip1/0346.jpg,218,211
346,gong/clip1/0347.jpg,217,212
347,gong/clip1/0348.jpg,215,216
348,gong/clip1/0349.jpg,214,219
349,gong/clip1/0350.jpg,213,226
350,gong/clip1/0351.jpg,210,230
351,gong/clip1/0352.jpg,209,232
352,gong/clip1/0353.jpg,207,238
353,gong/clip1/0354.jpg,204,243
354,gong/clip1/0355.jpg,203,248
355,gong/clip1/0356.jpg,201,253
356,gong/clip1/0357.jpg,199,255
357,gong/clip1/0358.jpg,197,260
358,gong/clip1/0359.jpg,195,264
359,gong/clip1/0360.jpg,194,267
360,gong/clip1/0361.jpg,191,269
361,gong/clip1/0362.jpg,189,270
362,gong/clip1/0363.jpg,185,275
363,gong/clip1/0364.jpg,182,276
364,gong/clip1/0365.jpg,180,277
365,gong/clip1/0366.jpg,177,281
366,gong/clip1/0367.jpg,177,283
367,gong/clip1/0368.jpg,173,284
368,gong/clip1/0369.jpg,172,290
369,gong/clip1/0370.jpg,171,292
370,gong/clip1/0371.jpg,170,294
371,gong/clip1/0372.jpg,170,296
372,gong/clip1/0373.jpg,170,297
373,gong/clip1/0374.jpg,169,298
374,gong/clip1/0375.jpg,169,299
375,gong/clip1/0376.jpg,169,300
376,gong/clip1/0377.jpg,169,300
377,gong/clip1/0378.jpg,169,300
378,gong/clip1/0379.jpg,170,300
379,gong/clip1/0380.jpg,170,300
380,gong/clip1/0381.jpg,169,300
381,gong/clip1/0382.jpg,169,300
382,gong/clip1/0383.jpg,169,300
383,gong/clip1/0384.jpg,169,299
384,gong/clip1/0385.jpg,169,299
385,gong/clip1/0386.jpg,169,299
386,gong/clip1/0387.jpg,169,299
387,gong/clip1/0388.jpg,169,298
388,gong/clip1/0389.jpg,169,298
389,gong/clip1/0390.jpg,169,298
390,gong/clip1/0391.jpg,169,298
391,gong/clip1/0392.jpg,169,298
392,gong/clip1/0393.jpg,169,298
393,gong/clip1/0394.jpg,170,298
394,gong/clip1/0395.jpg,169,298
395,gong/clip1/0396.jpg,170,299
396,gong/clip1/0397.jpg,169,299
397,gong/clip1/0398.jpg,170,299
398,gong/clip1/0399.jpg,170,299
399,gong/clip1/0400.jpg,170,299
400,gong/clip1/0401.jpg,170,299
401,gong/clip1/0402.jpg,170,299
402,gong/clip1/0403.jpg,170,299
403,gong/clip1/0404.jpg,170,298
404,gong/clip1/0405.jpg,170,299
405,gong/clip1/0406.jpg,170,298
406,gong/clip1/0407.jpg,170,298
407,gong/clip1/0408.jpg,170,299
408,gong/clip1/0409.jpg,170,299
409,gong/clip1/0410.jpg,170,299
410,gong/clip1/0411.jpg,170,299
411,gong/clip1/0412.jpg,170,299
412,gong/clip1/0413.jpg,169,299
413,gong/clip1/0414.jpg,170,299
414,gong/clip1/0415.jpg,170,299
415,gong/clip1/0416.jpg,169,299
416,gong/clip1/0417.jpg,170,299
417,gong/clip1/0418.jpg,170,299
418,gong/clip1/0419.jpg,170,299
419,gong/clip1/0420.jpg,169,299
420,gong/clip1/0421.jpg,169,299
421,gong/clip1/0422.jpg,170,299
422,gong/clip1/0423.jpg,169,299
423,gong/clip1/0424.jpg,169,299
424,gong/clip1/0425.jpg,169,300
425,gong/clip1/0426.jpg,169,299
426,gong/clip1/0427.jpg,169,299
427,gong/clip1/0428.jpg,170,298
428,gong/clip1/0429.jpg,170,295
429,gong/clip1/0430.jpg,170,291
430,gong/clip1/0431.jpg,170,285
431,gong/clip1/0432.jpg,171,280
432,gong/clip1/0433.jpg,171,274
433,gong/clip1/0434.jpg,173,265
434,gong/clip1/0435.jpg,175,258
435,gong/clip1/0436.jpg,178,246
436,gong/clip1/0437.jpg,180,235
437,gong/clip1/0438.jpg,182,227
438,gong/clip1/0439.jpg,185,216
439,gong/clip1/0440.jpg,189,209
440,gong/clip1/0441.jpg,193,199
441,gong/clip1/0442.jpg,196,195
442,gong/clip1/0443.jpg,198,188
443,gong/clip1/0444.jpg,202,184
444,gong/clip1/0445.jpg,204,180
445,gong/clip1/0446.jpg,206,178
446,gong/clip1/0447.jpg,210,172
447,gong/clip1/0448.jpg,212,171
448,gong/clip1/0449.jpg,214,170
449,gong/clip1/0450.jpg,217,170
450,gong/clip1/0451.jpg,217,166
451,gong/clip1/0452.jpg,218,166
452,gong/clip1/0453.jpg,218,166
453,gong/clip1/0454.jpg,218,165
454,gong/clip1/0455.jpg,218,165
455,gong/clip1/0456.jpg,218,165
456,gong/clip1/0457.jpg,219,165
457,gong/clip1/0458.jpg,219,165
458,gong/clip1/0459.jpg,220,164
459,gong/clip1/0460.jpg,221,165
460,gong/clip1/0461.jpg,221,165
461,gong/clip1/0462.jpg,222,165
462,gong/clip1/0463.jpg,221,165
463,gong/clip1/0464.jpg,221,165
464,gong/clip1/0465.jpg,221,165
465,gong/clip1/0466.jpg,221,165
466,gong/clip1/0467.jpg,222,165
467,gong/clip1/0468.jpg,221,165
468,gong/clip1/0469.jpg,221,165
469,gong/clip1/0470.jpg,220,165
470,gong/clip1/0471.jpg,220,165
471,gong/clip1/0472.jpg,220,165
472,gong/clip1/0473.jpg,220,165
473,gong/clip1/0474.jpg,221,165
474,gong/clip1/0475.jpg,221,165
475,gong/clip1/0476.jpg,220,165
476,gong/clip1/0477.jpg,220,165
477,gong/clip1/0478.jpg,220,165
478,gong/clip1/0479.jpg,220,166
479,gong/clip1/0480.jpg,220,166
480,gong/clip1/0481.jpg,221,166
481,gong/clip1/0482.jpg,221,166
482,gong/clip1/0483.jpg,220,166
483,gong/clip1/0484.jpg,220,166
484,gong/clip1/0485.jpg,220,166
485,gong/clip1/0486.jpg,220,169
486,gong/clip1/0487.jpg,220,169
487,gong/clip1/0488.jpg,220,166
488,gong/clip1/0489.jpg,220,166
489,gong/clip1/0490.jpg,220,166
490,gong/clip1/0491.jpg,220,166
491,gong/clip1/0492.jpg,220,166
492,gong/clip1/0493.jpg,221,166
493,gong/clip1/0494.jpg,221,169
494,gong/clip1/0495.jpg,222,170
495,gong/clip1/0496.jpg,222,170
496,gong/clip1/0497.jpg,222,172
497,gong/clip1/0498.jpg,222,173
498,gong/clip1/0499.jpg,222,174
499,gong/clip1/0500.jpg,222,179
500,gong/clip1/0501.jpg,222,181
501,gong/clip1/0502.jpg,222,184
502,gong/clip1/0503.jpg,222,187
503,gong/clip1/0504.jpg,222,189
504,gong/clip1/0505.jpg,222,195
505,gong/clip1/0506.jpg,222,199
506,gong/clip1/0507.jpg,221,204
507,gong/clip1/0508.jpg,221,206
508,gong/clip1/0509.jpg,221,212
509,gong/clip1/0510.jpg,220,216
510,gong/clip1/0511.jpg,219,219
511,gong/clip1/0512.jpg,219,221
512,gong/clip1/0513.jpg,218,228
513,gong/clip1/0514.jpg,216,230
514,gong/clip1/0515.jpg,216,232
515,gong/clip1/0516.jpg,215,235
516,gong/clip1/0517.jpg,215,237
517,gong/clip1/0518.jpg,216,238
518,gong/clip1/0519.jpg,216,238
519,gong/clip1/0520.jpg,215,243
520,gong/clip1/0521.jpg,215,244
521,gong/clip1/0522.jpg,215,244
522,gong/clip1/0523.jpg,214,244
523,gong/clip1/0524.jpg,214,245
524,gong/clip1/0525.jpg,214,245
525,gong/clip1/0526.jpg,214,245
526,gong/clip1/0527.jpg,214,245
527,gong/clip1/0528.jpg,214,245
528,gong/clip1/0529.jpg,214,244
529,gong/clip1/0530.jpg,214,245
530,gong/clip1/0531.jpg,214,245
531,gong/clip1/0532.jpg,214,245
532,gong/clip1/0533.jpg,214,245
533,gong/clip1/0534.jpg,214,245
534,gong/clip1/0535.jpg,214,245
535,gong/clip1/0536.jpg,214,245
536,gong/clip1/0537.jpg,214,245
537,gong/clip1/0538.jpg,214,245
538,gong/clip1/0539.jpg,214,245
539,gong/clip1/0540.jpg,214,245
540,gong/clip1/0541.jpg,214,245
541,gong/clip1/0542.jpg,214,245
542,gong/clip1/0543.jpg,214,246
543,gong/clip1/0544.jpg,214,246
544,gong/clip1/0545.jpg,214,246
545,gong/clip1/0546.jpg,214,246
546,gong/clip1/0547.jpg,214,246
547,gong/clip1/0548.jpg,214,246
548,gong/clip1/0549.jpg,214,246
549,gong/clip1/0550.jpg,214,246
550,gong/clip1/0551.jpg,214,246
551,gong/clip1/0552.jpg,214,246
552,gong/clip1/0553.jpg,214,246
553,gong/clip1/0554.jpg,214,246
554,gong/clip1/0555.jpg,214,246
555,gong/clip1/0556.jpg,214,246
556,gong/clip1/0557.jpg,214,246
557,gong/clip1/0558.jpg,214,246
558,gong/clip1/0559.jpg,214,246
559,gong/clip1/0560.jpg,214,246
560,gong/clip1/0561.jpg,214,247
561,gong/clip1/0562.jpg,213,247
562,gong/clip1/0563.jpg,213,247
563,gong/clip1/0564.jpg,213,246
564,gong/clip1/0565.jpg,213,245
565,gong/clip1/0566.jpg,212,243
566,gong/clip1/0567.jpg,212,235
567,gong/clip1/0568.jpg,211,232
568,gong/clip1/0569.jpg,211,226
569,gong/clip1/0570.jpg,212,218
570,gong/clip1/0571.jpg,213,210
571,gong/clip1/0572.jpg,215,200
572,gong/clip1/0573.jpg,216,190
573,gong/clip1/0574.jpg,216,185
574,gong/clip1/0575.jpg,218,179
575,gong/clip1/0576.jpg,219,174
576,gong/clip1/0577.jpg,220,173
577,gong/clip1/0578.jpg,225,170
578,gong/clip1/0579.jpg,226,170
579,gong/clip1/0580.jpg,230,170
580,gong/clip1/0581.jpg,232,170
581,gong/clip1/0582.jpg,235,172
582,gong/clip1/0583.jpg,353,346
583,gong/clip1/0584.jpg,345,339
584,gong/clip1/0585.jpg,339,333
585,gong/clip1/0586.jpg,335,324
586,gong/clip1/0587.jpg,330,318
587,gong/clip1/0588.jpg,324,313
588,gong/clip1/0589.jpg,321,307
589,gong/clip1/0590.jpg,314,301
590,gong/clip1/0591.jpg,308,295
591,gong/clip1/0592.jpg,303,292
592,gong/clip1/0593.jpg,297,290
593,gong/clip2/0594.jpg,293,290
594,gong/clip2/0595.jpg,290,290
595,gong/clip2/0596.jpg,286,290
596,gong/clip2/0597.jpg,283,293
597,gong/clip2/0598.jpg,281,295
598,gong/clip2/0599.jpg,279,296
599,gong/clip2/0600.jpg,279,298
600,gong/clip2/0601.jpg,278,299
601,gong/clip2/0602.jpg,277,299
602,gong/clip2/0603.jpg,277,299
603,gong/clip2/0604.jpg,277,298
604,gong/clip2/0605.jpg,276,298
605,gong/clip2/0606.jpg,277,297
606,gong/clip2/0607.jpg,276,298
607,gong/clip2/0608.jpg,276,298
608,gong/clip2/0609.jpg,276,298
609,gong/clip2/0610.jpg,276,299
610,gong/clip2/0611.jpg,275,299
611,gong/clip2/0612.jpg,275,299
612,gong/clip2/0613.jpg,276,299
613,gong/clip2/0614.jpg,276,299
614,gong/clip2/0615.jpg,276,299
615,gong/clip2/0616.jpg,276,300
616,gong/clip2/0617.jpg,276,300
617,gong/clip2/0618.jpg,276,300
618,gong/clip2/0619.jpg,276,301
619,gong/clip2/0620.jpg,276,300
620,gong/clip2/0621.jpg,276,300
621,gong/clip2/0622.jpg,276,301
622,gong/clip2/0623.jpg,276,300
623,gong/clip2/0624.jpg,275,301
624,gong/clip2/0625.jpg,277,300
625,gong/clip2/0626.jpg,278,300
626,gong/clip2/0627.jpg,276,300
627,gong/clip2/0628.jpg,277,300
628,gong/clip2/0629.jpg,277,300
629,gong/clip2/0630.jpg,277,300
630,gong/clip2/0631.jpg,277,300
631,gong/clip2/0632.jpg,278,299
632,gong/clip2/0633.jpg,277,300
633,gong/clip2/0634.jpg,277,300
634,gong/clip2/0635.jpg,279,300
635,gong/clip2/0636.jpg,280,300
636,gong/clip2/0637.jpg,280,300
637,gong/clip2/0638.jpg,280,299
638,gong/clip2/0639.jpg,280,299
639,gong/clip2/0640.jpg,280,299
640,gong/clip2/0641.jpg,280,299
641,gong/clip2/0642.jpg,280,300
642,gong/clip2/0643.jpg,280,300
643,gong/clip2/0644.jpg,280,299
644,gong/clip2/0645.jpg,280,299
645,gong/clip2/0646.jpg,280,299
646,gong/clip2/0647.jpg,280,299
647,gong/clip2/0648.jpg,280,299
648,gong/clip2/0649.jpg,280,300
649,gong/clip2/0650.jpg,280,299
650,gong/clip2/0651.jpg,280,300
651,gong/clip2/0652.jpg,280,300
652,gong/clip2/0653.jpg,280,300
653,gong/clip2/0654.jpg,280,300
654,gong/clip2/0655.jpg,280,300
655,gong/clip2/0656.jpg,280,300
656,gong/clip2/0657.jpg,280,300
657,gong/clip2/0658.jpg,280,300
658,gong/clip2/0659.jpg,280,300
659,gong/clip2/0660.jpg,280,300
660,gong/clip2/0661.jpg,280,300
661,gong/clip2/0662.jpg,280,300
662,gong/clip2/0663.jpg,280,300
663,gong/clip2/0664.jpg,280,299
664,gong/clip2/0665.jpg,280,300
665,gong/clip2/0666.jpg,280,299
666,gong/clip2/0667.jpg,280,299
667,gong/clip2/0668.jpg,280,300
668,gong/clip2/0669.jpg,280,300
669,gong/clip2/0670.jpg,280,300
670,gong/clip2/0671.jpg,280,300
671,gong/clip2/0672.jpg,281,300
672,gong/clip2/0673.jpg,279,300
673,gong/clip2/0674.jpg,279,301
674,gong/clip2/0675.jpg,278,301
675,gong/clip2/0676.jpg,278,300
676,gong/clip2/0677.jpg,279,299
677,gong/clip2/0678.jpg,278,298
678,gong/clip2/0679.jpg,277,298
679,gong/clip2/0680.jpg,276,297
680,gong/clip2/0681.jpg,275,296
681,gong/clip2/0682.jpg,275,295
682,gong/clip2/0683.jpg,275,294
683,gong/clip2/0684.jpg,274,293
684,gong/clip2/0685.jpg,273,293
685,gong/clip2/0686.jpg,273,293
686,gong/clip2/0687.jpg,270,293
687,gong/clip2/0688.jpg,270,295
688,gong/clip2/0689.jpg,269,297
689,gong/clip2/0690.jpg,268,298
690,gong/clip2/0691.jpg,267,300
691,gong/clip2/0692.jpg,266,302
692,gong/clip2/0693.jpg,265,303
693,gong/clip2/0694.jpg,265,308
694,gong/clip2/0695.jpg,263,310
695,gong/clip2/0696.jpg,264,312
696,gong/clip2/0697.jpg,263,314
697,gong/clip2/0698.jpg,261,315
698,gong/clip2/0699.jpg,260,316
699,gong/clip2/0700.jpg,258,317
700,gong/clip2/0701.jpg,258,318
701,gong/clip2/0702.jpg,254,318
702,gong/clip2/0703.jpg,254,318
703,gong/clip2/0704.jpg,253,318
704,gong/clip2/0705.jpg,251,317
705,gong/clip2/0706.jpg,248,316
706,gong/clip2/0707.jpg,247,314
707,gong/clip2/0708.jpg,245,309
708,gong/clip2/0709.jpg,243,306
709,gong/clip2/0710.jpg,242,301
710,gong/clip2/0711.jpg,238,298
711,gong/clip2/0712.jpg,237,294
712,gong/clip2/0713.jpg,236,290
713,gong/clip2/0714.jpg,234,283
714,gong/clip2/0715.jpg,233,278
715,gong/clip2/0716.jpg,231,274
716,gong/clip2/0717.jpg,231,267
717,gong/clip2/0718.jpg,228,263
718,gong/clip2/0719.jpg,227,259
719,gong/clip2/0720.jpg,226,254
720,gong/clip2/0721.jpg,226,251
721,gong/clip2/0722.jpg,225,248
722,gong/clip2/0723.jpg,225,244
723,gong/clip2/0724.jpg,222,242
724,gong/clip2/0725.jpg,222,242
725,gong/clip2/0726.jpg,221,238
726,gong/clip2/0727.jpg,221,238
727,gong/clip2/0728.jpg,220,239
728,gong/clip2/0729.jpg,220,239
729,gong/clip2/0730.jpg,219,239
730,gong/clip2/0731.jpg,219,242
731,gong/clip2/0732.jpg,219,243
732,gong/clip2/0733.jpg,219,243
733,gong/clip2/0734.jpg,218,244
734,gong/clip2/0735.jpg,218,245
735,gong/clip2/0736.jpg,217,246
736,gong/clip2/0737.jpg,217,248
737,gong/clip2/0738.jpg,216,248
738,gong/clip2/0739.jpg,216,249
739,gong/clip2/0740.jpg,216,250
740,gong/clip2/0741.jpg,216,250
741,gong/clip2/0742.jpg,216,250
742,gong/clip2/0743.jpg,216,251
743,gong/clip2/0744.jpg,216,251
744,gong/clip2/0745.jpg,217,250
745,gong/clip2/0746.jpg,216,250
746,gong/clip2/0747.jpg,217,250
747,gong/clip2/0748.jpg,217,250
748,gong/clip2/0749.jpg,217,251
749,gong/clip2/0750.jpg,217,250
750,gong/clip2/0751.jpg,215,252
751,gong/clip2/0752.jpg,215,251
752,gong/clip2/0753.jpg,217,250
753,gong/clip2/0754.jpg,217,250
754,gong/clip2/0755.jpg,217,250
755,gong/clip2/0756.jpg,217,250
756,gong/clip2/0757.jpg,217,250
757,gong/clip2/0758.jpg,217,250
758,gong/clip2/0759.jpg,217,251
759,gong/clip2/0760.jpg,217,251
760,gong/clip2/0761.jpg,217,251
761,gong/clip2/0762.jpg,217,251
762,gong/clip2/0763.jpg,217,251
763,gong/clip2/0764.jpg,217,251
764,gong/clip2/0765.jpg,217,251
765,gong/clip2/0766.jpg,217,251
766,gong/clip2/0767.jpg,217,251
767,gong/clip2/0768.jpg,217,251
768,gong/clip2/0769.jpg,217,251
769,gong/clip2/0770.jpg,217,251
770,gong/clip2/0771.jpg,217,251
771,gong/clip2/0772.jpg,217,251
772,gong/clip2/0773.jpg,217,251
773,gong/clip2/0774.jpg,217,251
774,gong/clip2/0775.jpg,217,251
775,gong/clip2/0776.jpg,217,251
776,gong/clip2/0777.jpg,217,251
777,gong/clip2/0778.jpg,217,251
778,gong/clip2/0779.jpg,217,251
779,gong/clip2/0780.jpg,217,251
780,gong/clip2/0781.jpg,217,251
781,gong/clip2/0782.jpg,217,251
782,gong/clip2/0783.jpg,217,251
783,gong/clip2/0784.jpg,217,251
784,gong/clip2/0785.jpg,217,251
785,gong/clip2/0786.jpg,217,251
786,gong/clip2/0787.jpg,217,251
787,gong/clip2/0788.jpg,217,251
788,gong/clip2/0789.jpg,217,251
789,gong/clip2/0790.jpg,216,251
790,gong/clip2/0791.jpg,216,251
791,gong/clip2/0792.jpg,216,251
792,gong/clip2/0793.jpg,216,252
793,gong/clip2/0794.jpg,217,252
794,gong/clip2/0795.jpg,217,251
795,gong/clip2/0796.jpg,217,252
796,gong/clip2/0797.jpg,216,252
797,gong/clip2/0798.jpg,215,253
798,gong/clip2/0799.jpg,214,253
799,gong/clip2/0800.jpg,214,253
800,gong/clip2/0801.jpg,215,251
801,gong/clip2/0802.jpg,214,250
802,gong/clip2/0803.jpg,214,250
803,gong/clip2/0804.jpg,214,249
804,gong/clip2/0805.jpg,214,248
805,gong/clip2/0806.jpg,215,247
806,gong/clip2/0807.jpg,215,245
807,gong/clip2/0808.jpg,217,243
808,gong/clip2/0809.jpg,218,242
809,gong/clip2/0810.jpg,219,243
810,gong/clip2/0811.jpg,220,242
811,gong/clip2/0812.jpg,221,241
812,gong/clip2/0813.jpg,222,238
813,gong/clip2/0814.jpg,225,239
814,gong/clip2/0815.jpg,226,239
815,gong/clip2/0816.jpg,228,242
816,gong/clip2/0817.jpg,231,242
817,gong/clip2/0818.jpg,235,243
818,gong/clip2/0819.jpg,238,244
819,gong/clip2/0820.jpg,242,247
820,gong/clip2/0821.jpg,245,250
821,gong/clip2/0822.jpg,249,252
822,gong/clip2/0823.jpg,253,254
823,gong/clip2/0824.jpg,257,258
824,gong/clip2/0825.jpg,260,261
825,gong/clip2/0826.jpg,262,265
826,gong/clip2/0827.jpg,264,268
827,gong/clip2/0828.jpg,268,270
828,gong/clip2/0829.jpg,270,274
829,gong/clip2/0830.jpg,273,277
830,gong/clip2/0831.jpg,275,280
831,gong/clip2/0832.jpg,277,282
832,gong/clip2/0833.jpg,277,283
833,gong/clip2/0834.jpg,279,285
834,gong/clip2/0835.jpg,280,286
835,gong/clip2/0836.jpg,282,290
836,gong/clip2/0837.jpg,283,290
837,gong/clip2/0838.jpg,283,291
838,gong/clip2/0839.jpg,284,291
839,gong/clip2/0840.jpg,284,292
840,gong/clip2/0841.jpg,284,292
841,gong/clip2/0842.jpg,284,292
842,gong/clip2/0843.jpg,283,292
843,gong/clip2/0844.jpg,283,292
844,gong/clip2/0845.jpg,283,292
845,gong/clip2/0846.jpg,282,291
846,gong/clip2/0847.jpg,282,292
847,gong/clip2/0848.jpg,281,291
848,gong/clip2/0849.jpg,281,290
849,gong/clip2/0850.jpg,281,290
850,gong/clip2/0851.jpg,279,287
851,gong/clip2/0852.jpg,278,287
852,gong/clip2/0853.jpg,278,287
853,gong/clip2/0854.jpg,278,287
854,gong/clip2/0855.jpg,278,286
855,gong/clip2/0856.jpg,278,286
856,gong/clip2/0857.jpg,278,286
857,gong/clip2/0858.jpg,278,286
858,gong/clip2/0859.jpg,278,286
859,gong/clip2/0860.jpg,278,286
860,gong/clip2/0861.jpg,278,286
861,gong/clip2/0862.jpg,278,286
862,gong/clip2/0863.jpg,279,287
863,gong/clip2/0864.jpg,278,287
864,gong/clip2/0865.jpg,278,287
865,gong/clip2/0866.jpg,278,287
866,gong/clip2/0867.jpg,278,287
867,gong/clip2/0868.jpg,278,287
868,gong/clip2/0869.jpg,277,287
869,gong/clip2/0870.jpg,277,287
870,gong/clip2/0871.jpg,277,287
871,gong/clip2/0872.jpg,276,286
872,gong/clip2/0873.jpg,276,286
873,gong/clip2/0874.jpg,276,287
874,gong/clip2/0875.jpg,275,286
875,gong/clip2/0876.jpg,274,286
876,gong/clip2/0877.jpg,274,286
877,gong/clip2/0878.jpg,273,286
878,gong/clip2/0879.jpg,273,286
879,gong/clip2/0880.jpg,270,285
880,gong/clip2/0881.jpg,270,285
881,gong/clip2/0882.jpg,269,284
882,gong/clip2/0883.jpg,268,284
883,gong/clip2/0884.jpg,267,285
884,gong/clip2/0885.jpg,266,284
885,gong/clip2/0886.jpg,265,285
886,gong/clip2/0887.jpg,264,284
887,gong/clip2/0888.jpg,263,284
888,gong/clip2/0889.jpg,263,284
889,gong/clip2/0890.jpg,262,284
890,gong/clip2/0891.jpg,262,284
891,gong/clip2/0892.jpg,261,285
892,gong/clip2/0893.jpg,261,285
893,gong/clip2/0894.jpg,261,285
894,gong/clip2/0895.jpg,260,285
895,gong/clip2/0896.jpg,260,285
896,gong/clip2/0897.jpg,260,285
897,gong/clip2/0898.jpg,260,285
898,gong/clip2/0899.jpg,260,285
899,gong/clip2/0900.jpg,260,285
900,gong/clip2/0901.jpg,259,285
901,gong/clip2/0902.jpg,259,285
902,gong/clip2/0903.jpg,259,285
903,gong/clip2/0904.jpg,259,285
904,gong/clip2/0905.jpg,259,285
905,gong/clip2/0906.jpg,259,285
906,gong/clip2/0907.jpg,258,285
907,gong/clip2/0908.jpg,258,285
908,gong/clip2/0909.jpg,258,285
909,gong/clip2/0910.jpg,257,285
910,gong/clip2/0911.jpg,258,284
911,gong/clip2/0912.jpg,258,283
912,gong/clip2/0913.jpg,254,284
913,gong/clip2/0914.jpg,253,285
914,gong/clip2/0915.jpg,251,285
915,gong/clip2/0916.jpg,250,286
916,gong/clip2/0917.jpg,247,285
917,gong/clip2/0918.jpg,245,285
918,gong/clip2/0919.jpg,242,286
919,gong/clip2/0920.jpg,238,286
920,gong/clip2/0921.jpg,235,286
921,gong/clip2/0922.jpg,233,291
922,gong/clip2/0923.jpg,229,292
923,gong/clip2/0924.jpg,225,293
924,gong/clip2/0925.jpg,220,293
925,gong/clip2/0926.jpg,215,295
926,gong/clip2/0927.jpg,212,295
927,gong/clip2/0928.jpg,210,296
928,gong/clip2/0929.jpg,204,298
929,gong/clip2/0930.jpg,201,300
930,gong/clip2/0931.jpg,197,299
931,gong/clip2/0932.jpg,195,299
932,gong/clip2/0933.jpg,193,299
933,gong/clip2/0934.jpg,190,300
934,gong/clip2/0935.jpg,188,300
935,gong/clip2/0936.jpg,186,300
936,gong/clip2/0937.jpg,184,300
937,gong/clip2/0938.jpg,182,300
938,gong/clip2/0939.jpg,181,300
939,gong/clip2/0940.jpg,180,300
940,gong/clip2/0941.jpg,178,300
941,gong/clip2/0942.jpg,177,300
942,gong/clip2/0943.jpg,177,301
943,gong/clip2/0944.jpg,174,302
944,gong/clip2/0945.jpg,174,302
945,gong/clip2/0946.jpg,173,302
946,gong/clip2/0947.jpg,173,303
947,gong/clip2/0948.jpg,172,306
948,gong/clip2/0949.jpg,171,307
949,gong/clip2/0950.jpg,171,307
950,gong/clip2/0951.jpg,171,307
951,gong/clip2/0952.jpg,171,307
952,gong/clip2/0953.jpg,171,307
953,gong/clip2/0954.jpg,171,308
954,gong/clip2/0955.jpg,172,308
955,gong/clip2/0956.jpg,172,309
956,gong/clip2/0957.jpg,172,309
957,gong/clip2/0958.jpg,172,309
958,gong/clip2/0959.jpg,172,309
959,gong/clip2/0960.jpg,172,309
960,gong/clip2/0961.jpg,172,309
961,gong/clip2/0962.jpg,172,309
962,gong/clip2/0963.jpg,172,309
963,gong/clip2/0964.jpg,172,309
964,gong/clip2/0965.jpg,172,309
965,gong/clip2/0966.jpg,173,309
966,gong/clip2/0967.jpg,173,309
967,gong/clip2/0968.jpg,173,309
968,gong/clip2/0969.jpg,173,309
969,gong/clip2/0970.jpg,173,309
970,gong/clip2/0971.jpg,173,309
971,gong/clip2/0972.jpg,172,309
972,gong/clip2/0973.jpg,173,309
973,gong/clip2/0974.jpg,173,309
974,gong/clip2/0975.jpg,173,309
975,gong/clip2/0976.jpg,173,309
976,gong/clip2/0977.jpg,172,309
977,gong/clip2/0978.jpg,172,309
978,gong/clip2/0979.jpg,172,309
979,gong/clip2/0980.jpg,173,309
980,gong/clip2/0981.jpg,173,309
981,gong/clip2/0982.jpg,173,309
982,gong/clip2/0983.jpg,173,309
983,gong/clip2/0984.jpg,173,309
984,gong/clip2/0985.jpg,173,309
985,gong/clip2/0986.jpg,173,309
986,gong/clip2/0987.jpg,173,309
987,gong/clip2/0988.jpg,173,309
988,gong/clip2/0989.jpg,173,309
989,gong/clip2/0990.jpg,173,309
990,gong/clip2/0991.jpg,173,310
991,gong/clip2/0992.jpg,173,310
992,gong/clip2/0993.jpg,173,310
993,gong/clip2/0994.jpg,173,310
994,gong/clip2/0995.jpg,173,310
995,gong/clip2/0996.jpg,173,310
996,gong/clip2/0997.jpg,173,310
997,gong/clip2/0998.jpg,172,310
998,gong/clip2/0999.jpg,172,310
999,gong/clip2/1000.jpg,172,310
1000,gong/clip2/1001.jpg,172,311
1001,gong/clip2/1002.jpg,171,311
1002,gong/clip2/1003.jpg,172,311
1003,gong/clip2/1004.jpg,171,311
1004,gong/clip2/1005.jpg,172,311
1005,gong/clip2/1006.jpg,172,310
1006,gong/clip2/1007.jpg,172,309
1007,gong/clip2/1008.jpg,173,308
1008,gong/clip2/1009.jpg,173,307
1009,gong/clip2/1010.jpg,177,302
1010,gong/clip2/1011.jpg,178,302
1011,gong/clip2/1012.jpg,179,300
1012,gong/clip2/1013.jpg,182,299
1013,gong/clip2/1014.jpg,185,298
1014,gong/clip2/1015.jpg,188,295
1015,gong/clip2/1016.jpg,193,292
1016,gong/clip2/1017.jpg,195,291
1017,gong/clip2/1018.jpg,201,290
1018,gong/clip2/1019.jpg,204,289
1019,gong/clip2/1020.jpg,210,289
1020,gong/clip2/1021.jpg,212,285
1021,gong/clip2/1022.jpg,217,285
1022,gong/clip2/1023.jpg,225,284
1023,gong/clip2/1024.jpg,230,284
1024,gong/clip2/1025.jpg,236,284
1025,gong/clip2/1026.jpg,242,284
1026,gong/clip2/1027.jpg,246,284
1027,gong/clip2/1028.jpg,250,284
1028,gong/clip2/1029.jpg,254,283
1029,gong/clip2/1030.jpg,259,283
1030,gong/clip2/1031.jpg,262,284
1031,gong/clip2/1032.jpg,265,284
1032,gong/clip2/1033.jpg,269,283
1033,gong/clip2/1034.jpg,270,283
1034,gong/clip2/1035.jpg,274,285
1035,gong/clip2/1036.jpg,276,284
1036,gong/clip2/1037.jpg,278,285
1037,gong/clip2/1038.jpg,279,286
1038,gong/clip2/1039.jpg,279,286
1039,gong/clip2/1040.jpg,280,287
1040,gong/clip2/1041.jpg,280,287
1041,gong/clip2/1042.jpg,282,290
1042,gong/clip2/1043.jpg,282,291
1043,gong/clip2/1044.jpg,282,291
1044,gong/clip2/1045.jpg,282,291
1045,gong/clip2/1046.jpg,282,291
1046,gong/clip2/1047.jpg,282,291
1047,gong/clip2/1048.jpg,281,290
1048,gong/clip2/1049.jpg,281,290
1049,gong/clip2/1050.jpg,279,287
1050,gong/clip2/1051.jpg,279,287
1051,gong/clip2/1052.jpg,279,286
1052,gong/clip2/1053.jpg,278,286
1053,gong/clip2/1054.jpg,278,285
1054,gong/clip2/1055.jpg,277,285
1055,gong/clip2/1056.jpg,277,284
1056,gong/clip2/1057.jpg,277,284
1057,gong/clip2/1058.jpg,277,284
1058,gong/clip2/1059.jpg,277,284
1059,gong/clip2/1060.jpg,277,284
1060,gong/clip2/1061.jpg,276,284
1061,gong/clip2/1062.jpg,276,283
1062,gong/clip2/1063.jpg,276,283
1063,gong/clip2/1064.jpg,276,284
1064,gong/clip2/1065.jpg,276,284
1065,gong/clip2/1066.jpg,276,284
1066,gong/clip2/1067.jpg,276,284
1067,gong/clip2/1068.jpg,276,284
1068,gong/clip2/1069.jpg,276,284
1069,gong/clip2/1070.jpg,275,284
1070,gong/clip2/1071.jpg,275,285
1071,gong/clip2/1072.jpg,275,284
1072,gong/clip2/1073.jpg,275,285
1073,gong/clip2/1074.jpg,275,284
1074,gong/clip2/1075.jpg,275,285
1075,gong/clip2/1076.jpg,276,285
1076,gong/clip2/1077.jpg,275,284
1077,gong/clip2/1078.jpg,276,284
1078,gong/clip2/1079.jpg,275,284
1079,gong/clip2/1080.jpg,275,284
1080,gong/clip2/1081.jpg,275,285
1081,gong/clip2/1082.jpg,275,285
1082,gong/clip2/1083.jpg,275,285
1083,gong/clip2/1084.jpg,275,285
1084,gong/clip2/1085.jpg,275,285
1085,gong/clip2/1086.jpg,276,285
1086,gong/clip2/1087.jpg,276,285
1087,gong/clip2/1088.jpg,276,285
1088,gong/clip2/1089.jpg,276,285
1089,gong/clip2/1090.jpg,276,285
1090,gong/clip2/1091.jpg,276,285
1091,gong/clip2/1092.jpg,275,284
1092,gong/clip2/1093.jpg,275,284
1093,gong/clip2/1094.jpg,275,284
1094,gong/clip2/1095.jpg,275,283
1095,gong/clip2/1096.jpg,275,281
1096,gong/clip2/1097.jpg,274,280
1097,gong/clip2/1098.jpg,270,279
1098,gong/clip2/1099.jpg,270,277
1099,gong/clip2/1100.jpg,268,275
1100,gong/clip2/1101.jpg,266,274
1101,gong/clip2/1102.jpg,264,270
1102,gong/clip2/1103.jpg,262,267
1103,gong/clip2/1104.jpg,261,265
1104,gong/clip2/1105.jpg,259,261
1105,gong/clip2/1106.jpg,257,259
1106,gong/clip2/1107.jpg,253,254
1107,gong/clip2/1108.jpg,251,253
1108,gong/clip2/1109.jpg,249,251
1109,gong/clip2/1110.jpg,247,249
1110,gong/clip2/1111.jpg,245,247
1111,gong/clip2/1112.jpg,243,245
1112,gong/clip2/1113.jpg,242,245
1113,gong/clip2/1114.jpg,242,244
1114,gong/clip2/1115.jpg,238,244
1115,gong/clip2/1116.jpg,236,244
1116,gong/clip2/1117.jpg,236,244
1117,gong/clip2/1118.jpg,235,245
1118,gong/clip2/1119.jpg,235,245
1119,gong/clip2/1120.jpg,234,245
1120,gong/clip2/1121.jpg,233,246
1121,gong/clip2/1122.jpg,233,247
1122,gong/clip2/1123.jpg,234,249
1123,gong/clip2/1124.jpg,233,250
1124,gong/clip2/1125.jpg,232,250
1125,gong/clip2/1126.jpg,232,250
1126,gong/clip2/1127.jpg,231,250
1127,gong/clip2/1128.jpg,231,251
1128,gong/clip2/1129.jpg,230,251
1129,gong/clip2/1130.jpg,230,250
1130,gong/clip2/1131.jpg,229,250
1131,gong/clip2/1132.jpg,228,250
1132,gong/clip2/1133.jpg,227,250
1133,gong/clip2/1134.jpg,226,249
1134,gong/clip2/1135.jpg,226,250
1135,gong/clip2/1136.jpg,225,250
1136,gong/clip2/1137.jpg,225,251
1137,gong/clip2/1138.jpg,225,251
1138,gong/clip2/1139.jpg,225,252
1139,gong/clip2/1140.jpg,225,252
1140,gong/clip2/1141.jpg,225,252
1141,gong/clip2/1142.jpg,225,253
1142,gong/clip2/1143.jpg,226,253
1143,gong/clip2/1144.jpg,225,257
1144,gong/clip2/1145.jpg,225,259
1145,gong/clip2/1146.jpg,225,262
1146,gong/clip2/1147.jpg,226,266
1147,gong/clip2/1148.jpg,227,270
1148,gong/clip2/1149.jpg,226,276
1149,gong/clip2/1150.jpg,227,281
1150,gong/clip2/1151.jpg,227,283
1151,gong/clip2/1152.jpg,227,286
1152,gong/clip2/1153.jpg,227,291
1153,gong/clip2/1154.jpg,227,293
1154,gong/clip2/1155.jpg,228,295
1155,gong/clip2/1156.jpg,229,298
1156,gong/clip2/1157.jpg,230,301
1157,gong/clip2/1158.jpg,228,306
1158,gong/clip2/1159.jpg,229,308
1159,gong/clip2/1160.jpg,229,312
1160,gong/clip2/1161.jpg,230,316
1161,gong/clip2/1162.jpg,231,322
1162,gong/clip2/1163.jpg,231,327
1163,gong/clip2/1164.jpg,231,331
1164,gong/clip2/1165.jpg,231,334
1165,gong/clip2/1166.jpg,232,342
1166,gong/clip2/1167.jpg,232,346
1167,gong/clip2/1168.jpg,231,349
1168,gong/clip2/1169.jpg,231,356
1169,gong/clip2/1170.jpg,231,358
1170,gong/clip2/1171.jpg,230,361
1171,gong/clip2/1172.jpg,230,362
1172,gong/clip2/1173.jpg,229,363
1173,gong/clip2/1174.jpg,229,364
1174,gong/clip2/1175.jpg,229,364
1175,gong/clip2/1176.jpg,356,365
1176,gong/clip2/1177.jpg,349,357
1177,gong/clip2/1178.jpg,345,347
1178,gong/clip2/1179.jpg,338,338
1179,gong/clip2/1180.jpg,332,328
1180,gong/clip2/1181.jpg,324,321
1181,gong/clip2/1182.jpg,321,315
1182,gong/clip2/1183.jpg,314,309
1183,gong/clip2/1184.jpg,308,305
1184,gong/clip2/1185.jpg,301,299
1185,gong/clip2/1186.jpg,296,298
1186,gong/clip2/1187.jpg,293,297
1187,gong/clip2/1188.jpg,290,297
1188,gong/clip2/1189.jpg,286,294
1189,gong/clip2/1190.jpg,284,295
1190,gong/clip2/1191.jpg,282,296
1191,gong/clip2/1192.jpg,281,297
1192,gong/clip2/1193.jpg,280,297
1193,gong/clip2/1194.jpg,279,296
1194,gong/clip2/1195.jpg,278,295
1195,gong/clip2/1196.jpg,277,294
1196,gong/clip2/1197.jpg,277,293
1197,gong/clip2/1198.jpg,277,295
1198,gong/clip2/1199.jpg,277,297
1199,gong/clip2/1200.jpg,277,297
1200,gong/clip2/1201.jpg,277,297
1201,gong/clip2/1202.jpg,277,297
1202,gong/clip2/1203.jpg,277,297
1203,gong/clip2/1204.jpg,276,297
1204,gong/clip2/1205.jpg,276,297
1205,gong/clip2/1206.jpg,276,297
1206,gong/clip2/1207.jpg,276,297
1207,gong/clip2/1208.jpg,276,297
1208,gong/clip2/1209.jpg,276,298
1209,gong/clip2/1210.jpg,276,297
1210,gong/clip2/1211.jpg,276,298
1211,gong/clip2/1212.jpg,276,297
1212,gong/clip2/1213.jpg,276,297
1213,gong/clip2/1214.jpg,277,297
1214,gong/clip2/1215.jpg,277,297
1215,gong/clip2/1216.jpg,277,297
1216,gong/clip2/1217.jpg,277,298
1217,gong/clip2/1218.jpg,277,298
1218,gong/clip2/1219.jpg,277,298
1219,gong/clip2/1220.jpg,277,298
1220,gong/clip2/1221.jpg,277,298
1221,gong/clip2/1222.jpg,277,299
1222,gong/clip2/1223.jpg,277,299
1223,gong/clip2/1224.jpg,277,299
1224,gong/clip2/1225.jpg,277,299
1225,gong/clip2/1226.jpg,277,300
1226,gong/clip2/1227.jpg,277,300
1227,gong/clip2/1228.jpg,277,300
1228,gong/clip2/1229.jpg,277,300
1229,gong/clip2/1230.jpg,277,300
1230,gong/clip2/1231.jpg,277,300
1231,gong/clip2/1232.jpg,277,300
1232,gong/clip2/1233.jpg,277,300
1233,gong/clip2/1234.jpg,277,300
1234,gong/clip2/1235.jpg,277,300
1235,gong/clip2/1236.jpg,277,300
1236,gong/clip2/1237.jpg,277,300
1237,gong/clip2/1238.jpg,277,300
1238,gong/clip2/1239.jpg,277,300
1239,gong/clip2/1240.jpg,277,300
1240,gong/clip2/1241.jpg,277,300
1241,gong/clip2/1242.jpg,277,300
1242,gong/clip2/1243.jpg,277,300
1243,gong/clip2/1244.jpg,277,300
1244,gong/clip2/1245.jpg,277,300
1245,gong/clip2/1246.jpg,277,300
1246,gong/clip2/1247.jpg,277,300
1247,gong/clip2/1248.jpg,276,300
1248,gong/clip2/1249.jpg,277,300
1249,gong/clip2/1250.jpg,276,300
1250,gong/clip2/1251.jpg,276,300
1251,gong/clip2/1252.jpg,277,300
1252,gong/clip2/1253.jpg,276,300
1253,gong/clip2/1254.jpg,276,300
1254,gong/clip2/1255.jpg,277,300
1255,gong/clip2/1256.jpg,277,300
1256,gong/clip2/1257.jpg,276,300
1257,gong/clip2/1258.jpg,276,300
1258,gong/clip2/1259.jpg,276,300
1259,gong/clip2/1260.jpg,277,300
1260,gong/clip2/1261.jpg,277,300
1261,gong/clip2/1262.jpg,277,300
1262,gong/clip2/1263.jpg,276,300
1263,gong/clip2/1264.jpg,277,300
1264,gong/clip2/1265.jpg,276,300
1265,gong/clip2/1266.jpg,277,300
1266,gong/clip2/1267.jpg,277,300
1267,gong/clip2/1268.jpg,277,300
1268,gong/clip2/1269.jpg,277,300
1269,gong/clip2/1270.jpg,277,300
1270,gong/clip2/1271.jpg,277,300
1271,gong/clip2/1272.jpg,277,300
1272,gong/clip2/1273.jpg,277,300
1273,gong/clip2/1274.jpg,277,300
1274,gong/clip2/1275.jpg,277,300
1275,gong/clip2/1276.jpg,276,300
1276,gong/clip2/1277.jpg,276,300
1277,gong/clip2/1278.jpg,275,301
1278,gong/clip2/1279.jpg,275,300
1279,gong/clip2/1280.jpg,275,300
1280,gong/clip2/1281.jpg,275,299
1281,gong/clip2/1282.jpg,275,299
1282,gong/clip2/1283.jpg,275,298
1283,gong/clip2/1284.jpg,275,298
1284,gong/clip2/1285.jpg,275,295
1285,gong/clip2/1286.jpg,274,294
1286,gong/clip2/1287.jpg,275,292
1287,gong/clip2/1288.jpg,276,291
1288,gong/clip2/1289.jpg,279,292
1289,gong/clip2/1290.jpg,278,291
1290,gong/clip2/1291.jpg,279,290
1291,gong/clip2/1292.jpg,279,286
1292,gong/clip2/1293.jpg,281,286
1293,gong/clip2/1294.jpg,283,286
1294,gong/clip2/1295.jpg,284,287
1295,gong/clip2/1296.jpg,285,286
1296,gong/clip2/1297.jpg,290,289
1297,gong/clip2/1298.jpg,292,291
1298,gong/clip2/1299.jpg,296,293
1299,gong/clip2/1300.jpg,299,295
1300,gong/clip2/1301.jpg,305,299
1301,gong/clip2/1302.jpg,308,302
1302,gong/clip2/1303.jpg,310,303
1303,gong/clip2/1304.jpg,315,308
1304,gong/clip2/1305.jpg,316,311
1305,gong/clip2/1306.jpg,317,312
1306,gong/clip2/1307.jpg,321,316
1307,gong/clip2/1308.jpg,322,317
1308,gong/clip2/1309.jpg,322,318
1309,gong/clip2/1310.jpg,324,319
1310,gong/clip2/1311.jpg,325,322
1311,gong/clip2/1312.jpg,326,324
1312,gong/clip2/1313.jpg,328,327
1313,gong/clip2/1314.jpg,329,330
1314,gong/clip2/1315.jpg,330,332
1315,gong/clip2/1316.jpg,333,334
1316,gong/clip2/1317.jpg,338,339
1317,gong/clip2/1318.jpg,342,342
1318,gong/clip2/1319.jpg,345,348
1319,gong/clip2/1320.jpg,349,355
1320,gong/clip2/1321.jpg,356,359
1321,gong/clip2/1322.jpg,360,365
1322,gong/clip2/1323.jpg,361,374
1323,gong/clip2/1324.jpg,364,379
1324,gong/clip2/1325.jpg,369,387
1325,gong/clip2/1326.jpg,99,301
1326,gong/clip2/1327.jpg,99,301
1327,gong/clip2/1328.jpg,99,300
1328,gong/clip2/1329.jpg,99,300
1329,gong/clip2/1330.jpg,100,300
1330,gong/clip2/1331.jpg,102,300
1331,gong/clip2/1332.jpg,108,301
1332,gong/clip2/1333.jpg,115,300
1333,gong/clip2/1334.jpg,124,300
1334,gong/clip2/1335.jpg,134,300
1335,gong/clip2/1336.jpg,147,302
